2014-05-29 18:57:03,sent,Coming home from rehearsal ~,https://scontent-sjc2-1.cdninstagram.com/t51.2885-15/e15/10268967_756829457672513_895469813_n.jpg?ig_cache_key=NzMxNDQ0NjkxMjI4NzU4MTQ2.2
2014-05-29 22:39:52,sent,By the Dock,https://scontent-sjc2-1.cdninstagram.com/t51.2885-15/e15/10413939_1444184212497216_907582857_n.jpg?ig_cache_key=NzMxNTU2ODM4MDAwNjI3NzUy.2
2014-05-31 09:27:09,sent,Expert Alteration,https://scontent-sjc2-1.cdninstagram.com/t51.2885-15/e15/10413270_258355717681827_248485582_n.jpg?ig_cache_key=NzMyNjA3NDA0ODQzNzk5NDky.2
2014-06-01 12:05:25,sent,Rehearsal with #bluemangroup :O,https://scontent-sjc2-1.cdninstagram.com/t51.2885-15/e15/10401722_1457674427808879_1511599224_n.jpg?ig_cache_key=NzMzNDExODM1NzAxMTcwMzYw.2
2014-06-01 18:37:48,sent,#Chicago #old #antique #softgrunge #itssoblurrypoopohwell #hipster,https://scontent-sjc2-1.cdninstagram.com/t51.2885-15/e15/10362167_662182117192189_65321733_n.jpg?ig_cache_key=NzMzNjA5MzIzNzI0ODcwMDA5.2
2014-06-02 10:03:15,sent,The sky is pretty today ~~ #nature #spring #tree #arbor,https://scontent-sjc2-1.cdninstagram.com/t51.2885-15/e15/10387775_319914011499389_1839188114_n.jpg?ig_cache_key=NzM0MDc1MTIzMzcxOTM3ODY5.2
2014-06-04 17:31:39,sent,This is basically how I spent the last 12 hours,https://scontent-sjc2-1.cdninstagram.com/t51.2885-15/e15/10175210_547296198714060_1621606601_n.jpg?ig_cache_key=NzM1NzUwMzU3MjcxNTE1NDM5.2
2014-06-05 10:21:41,sent,#grunge #olympics #hongkong,https://scontent-sjc2-1.cdninstagram.com/t51.2885-15/e15/914355_1487116324838363_650561792_n.jpg?ig_cache_key=NzM2MjU4NzI5MjQ2NzkwMzc2.2
2014-06-06 02:55:36,sent,14 hour #plane ride ÔΩû #grunge #softgrunge #shadow,https://scontent-sjc2-1.cdninstagram.com/t51.2885-15/e15/10401856_634582719967169_2058529840_n.jpg?ig_cache_key=NzM2NzU4OTgxMDgzMDc1NTUz.2
2014-06-07 05:25:56,sent,This photo is dedicated to jetlag #tokyo #japan #night #city #grunge,https://scontent-sjc2-1.cdninstagram.com/t51.2885-15/e15/10431801_260148860836499_636010399_n.jpg?ig_cache_key=NzM3NTU5NDIyOTgxMTgxOTk2.2
2014-06-08 06:33:54,sent,#love #spring #tokyo #japan #rain #shrine,https://scontent-sjc2-1.cdninstagram.com/t51.2885-15/e15/10454220_1549824701911706_252577031_n.jpg?ig_cache_key=NzM4MzE4NDEwMjgyNzY2ODg1.2
2014-06-09 06:02:29,sent,Couldn't see Mt. Fuji through the #fog but I got this nice picture of a road so hey #driving #grunge #softgrunge #japan,https://scontent-sjc2-1.cdninstagram.com/t51.2885-15/e15/10453830_644101515683728_668787456_n.jpg?ig_cache_key=NzM5MDI3MzY5MDgzODY3OTE0.2
2014-06-10 05:12:19,sent,#matsumoto #japan #rain #city #urban,https://scontent-sjc2-1.cdninstagram.com/t51.2885-15/e15/929136_947386501943657_1574554920_n.jpg?ig_cache_key=NzM5NzI2ODk2MzYzMjc5MjIz.2
2014-06-11 16:44:18,sent,Umbrellas are surprisingly romantic #umbrella #rain #kyoto #japan #pink #urban #city #softgrunge,https://scontent-sjc2-1.cdninstagram.com/t51.2885-15/e15/10432040_549159065195479_1254105515_n.jpg?ig_cache_key=NzQwNzk5OTU0ODQyODgyMDg2.2
2014-06-12 16:42:01,sent,This is some #studioghibli level scenery #nature #japan #grunge #softgrunge #flora #ancient,https://scontent-sjc2-1.cdninstagram.com/t51.2885-15/e15/10414014_530424767080146_384579075_n.jpg?ig_cache_key=NzQxNTIzNTgxODEyOTM3Mjc2.2
2014-06-13 15:44:36,sent,#kimono #japan #kyoto #beauty #grunge #softgrunge,https://scontent-sjc2-1.cdninstagram.com/t51.2885-15/e15/10401657_736630343049993_813422476_n.jpg?ig_cache_key=NzQyMjE5NDY1MTY0OTE4OTgx.2
2014-06-14 15:53:39,sent,#osaka #japan #clouds #blackandwhite #castle #grunge,https://scontent-sjc2-1.cdninstagram.com/t51.2885-15/e15/10358452_277058465800598_1014563481_n.jpg?ig_cache_key=NzQyOTQ4Nzk0NzQ0MjQ2MzE4.2
2014-06-15 15:30:42,sent,#grunge #birds #jade #art #beijing #china #love,https://scontent-sjc2-1.cdninstagram.com/t51.2885-15/e15/10424663_1497245353827435_1243148758_n.jpg?ig_cache_key=NzQzNjYyMDE0NzY1MjczNDM0.2
2014-06-16 18:09:52,sent,#templeofheaven #beijing #temple #china,https://scontent-sjc2-1.cdninstagram.com/t51.2885-15/e15/10471952_1438631903071429_1261447923_n.jpg?ig_cache_key=NzQ0NDY2OTA2OTYyNTMxMTI1.2
2014-06-17 16:34:17,sent,Entrance #greatwall #china #nature #ancient #grunge #softgrunge,https://scontent-sjc2-1.cdninstagram.com/t51.2885-15/e15/10453835_503205276448436_1595758264_n.jpg?ig_cache_key=NzQ1MTQzNTcwMjQzNTg4NzIw.2
2014-06-18 15:50:18,sent,Exit #grunge #blackandwhite,https://scontent-sjc2-1.cdninstagram.com/t51.2885-15/e15/10499142_1498862826995463_1753098623_n.jpg?ig_cache_key=NzQ1ODQ2MjEzNDM3ODg2OTE3.2
2014-06-19 16:11:13,sent,Venice of the Orient #hangzhou #china #softgrunge #summer #water #gondola #boat,https://scontent-sjc2-1.cdninstagram.com/t51.2885-15/e15/10413949_1516374568582670_767634930_n.jpg?ig_cache_key=NzQ2NTgxNTEzNzAxMjMzNTgz.2
2014-06-21 16:19:59,sent,The Tea Seed #nature #plant #summer #china #hangzhou #tea,https://scontent-sjc2-1.cdninstagram.com/t51.2885-15/e15/10488685_1412389822382967_157330737_n.jpg?ig_cache_key=NzQ4MDM1NDczODMwMTIxODgx.2
2014-06-22 19:32:35,sent,Middle Kingdom #china #beijing #tiananmen #sky #sunset #softgrunge,https://scontent-sjc2-1.cdninstagram.com/t51.2885-15/e15/10413288_657900757621997_863834055_n.jpg?ig_cache_key=NzQ4ODU3MTkwOTI0MjI2ODUw.2
2014-06-23 16:05:38,sent,Still Life #flower #kitchen #fruit #clementine #softgrunge #reallyrunningoutoftags,https://scontent-sjc2-1.cdninstagram.com/t51.2885-15/e15/10488659_550371451739432_1539065351_n.jpg?ig_cache_key=NzQ5NDc3ODA1NDYwODg1OTYy.2
2014-06-25 18:05:28,sent,Forgotten Swingset #nature #grunge #softgrunge #playground #youreprobablygonnabeseeingquiteafewpicturesofthisswingsetjustaheadsup,https://scontent-sjc2-1.cdninstagram.com/t51.2885-15/e15/10449136_1509735939255747_749966854_n.jpg?ig_cache_key=NzUwOTg3NjczNDIyMzM2NjYz.2
2014-06-26 19:28:04,sent,Aquaria #jellyfish #grunge #water #animal #aquarium #sanfrancisco,https://scontent-sjc2-1.cdninstagram.com/t51.2885-15/e15/10488800_652734551488056_327764920_n.jpg?ig_cache_key=NzUxNzU0MDIzNzc0MjYxNjA3.2
2014-06-27 15:35:38,sent,Foreclosed Birdhouse #grunge #softgrunge #nature #birdhouse #similartotheswingsetphoto #mylawnisslightlydepressingsometimes,https://scontent-sjc2-1.cdninstagram.com/t51.2885-15/e15/10454202_305613572931534_1616478448_n.jpg?ig_cache_key=NzUyMzYxODA2NjAxMTk1ODI0.2
2014-06-28 20:23:16,sent,Taxi #airport #airplane #grunge #softgrunge,https://scontent-sjc2-1.cdninstagram.com/t51.2885-15/e15/10520265_848750135153606_1964954280_n.jpg?ig_cache_key=NzUzMjMxMzUzOTYxMDU4ODU1.2
2014-06-29 18:18:47,sent,Gated Community #grunge #softgrunge #house,https://scontent-sjc2-1.cdninstagram.com/t51.2885-15/e15/10522269_495904877222184_321064450_n.jpg?ig_cache_key=NzUzODkzNDgxMDUxMTMyNzE4.2
2014-06-30 19:30:56,sent,#nature #softgrunge #palmtree #summer,https://scontent-sjc2-1.cdninstagram.com/t51.2885-15/e15/10518074_752875708097350_828106041_n.jpg?ig_cache_key=NzU0NjU0NTY0NTQwMDI3Mzkz.2
2014-07-02 20:07:00,sent,#grunge #bridge #wood #helpmytags,https://scontent-sjc2-1.cdninstagram.com/t51.2885-15/e15/10513781_609774215797349_470931837_n.jpg?ig_cache_key=NzU2MTIyMjc0MDc1NTc5MDAx.2
2014-07-03 16:11:37,sent,Walt #Disney Concert Hall #grunge #building #architecture #softgrunge #losangeles #sky #sun #gettinextrathirstywiththesetags,https://scontent-sjc2-1.cdninstagram.com/t51.2885-15/e15/10522850_823684117649426_320172698_n.jpg?ig_cache_key=NzU2NzI4NTc4NzI5MTIwNDcx.2
2014-07-04 10:37:44,sent,#redwhiteandblue #independenceday #4thofjuly #california,https://scontent-sjc2-1.cdninstagram.com/t51.2885-15/e15/10536887_780260348681509_637542491_n.jpg?ig_cache_key=NzU3Mjg1Mjk4MzU0MzI3ODUz.2
2014-07-05 19:52:40,sent,#softgrunge #water #pool,https://scontent-sjc2-1.cdninstagram.com/t51.2885-15/e15/10502719_1474493659461759_1085359092_n.jpg?ig_cache_key=NzU4Mjg5Mzg2MTM1MTYzMjI3.2
2014-07-07 21:40:54,sent,#flowers #nature #softgrunge #pastel,https://scontent-sjc2-1.cdninstagram.com/t51.2885-15/e15/10546650_1512909482275082_1815967706_n.jpg?ig_cache_key=NzU5NzkzNDA4ODk3NzgxNzgz.2
2014-07-10 07:55:55,sent,#airport #sky #clouds #plane #grunge #softgrunge,https://scontent-sjc2-1.cdninstagram.com/t51.2885-15/e15/10488743_696994433700832_443574309_n.jpg?ig_cache_key=NzYxNTUyNTA4MTkxMDUyNjQ3.2
2014-07-12 15:05:06,sent,#backinnaperville #sunrise #sky #clouds #street #driving #grunge #softgrunge,https://scontent-sjc2-1.cdninstagram.com/t51.2885-15/e15/925935_261805537358371_1151230151_n.jpg?ig_cache_key=NzYzMjE4MDc5MDM0OTcwNTcx.2
2014-07-14 18:16:32,sent,Blackbird #Chicago #kitchen #restaurant #grunge #table,https://scontent-sjc2-1.cdninstagram.com/t51.2885-15/e15/926852_910188422330731_900395572_n.jpg?ig_cache_key=NzY0NzYzOTgyMTI0MzU2NDc3.2
2014-07-16 17:25:06,sent,#sandiego #coronado #sky #softgrunge,https://scontent-sjc2-1.cdninstagram.com/t51.2885-15/e15/10535130_1396920467197144_1512647405_n.jpg?ig_cache_key=NzY2MTg3NjQzMzcyOTAwNTMw.2
2014-07-18 17:10:09,sent,#clouds #sky #softgrunge #vintage,https://scontent-sjc2-1.cdninstagram.com/t51.2885-15/e15/10561079_1481502908755925_258743379_n.jpg?ig_cache_key=NzY3NjI5NjY4MTczNTQ5ODU0.2
2014-07-20 18:21:08,sent,#house #idontevenknowwhatelsetotagthisas #california #venicebeach,https://scontent-sjc2-1.cdninstagram.com/t51.2885-15/e15/10523524_759343287421545_1357562390_n.jpg?ig_cache_key=NzY5MTE0OTUwNTc2MTgxNjYw.2
2014-07-22 10:02:27,sent,#wedding #love #vintage #urban #city,https://scontent-sjc2-1.cdninstagram.com/t51.2885-15/e15/925569_813316678688292_1733485133_n.jpg?ig_cache_key=NzcwMzEzNTA2NDY1MDU5NTcx.2
2014-07-24 20:26:35,sent,#bamboo #plants #grunge #nothingismoregrungethanvandalizingplants,https://scontent-sjc2-1.cdninstagram.com/t51.2885-15/e15/10518012_706362446077506_131509255_n.jpg?ig_cache_key=NzcyMDc3MTkyNjY1OTYxNDE4.2
2014-07-26 08:55:35,sent,#downtown,https://scontent-sjc2-1.cdninstagram.com/t51.2885-15/e15/1922373_276430962559240_1624656160_n.jpg?ig_cache_key=NzczMTc4OTU1OTQ3MTE4NzQ0.2
2014-07-29 14:02:05,sent,#ocean #beach,https://scontent-sjc2-1.cdninstagram.com/t51.2885-15/e15/1209576_740848339308376_1098732507_n.jpg?ig_cache_key=Nzc1NTA3NTQzNzQ0NjQ3NzM1.2
2014-07-31 21:21:29,sent,#college #church #campus #mysaturdaysforthepast14years,https://scontent-sjc2-1.cdninstagram.com/t51.2885-15/e15/10549773_517517828381026_743047976_n.jpg?ig_cache_key=Nzc3MTc4MjU5MTQ1NjkxNTgx.2
2014-08-02 09:39:42,sent,#sunrise #softgrunge,https://scontent-sjc2-1.cdninstagram.com/t51.2885-15/e15/10483595_638035452958691_429051428_n.jpg?ig_cache_key=Nzc4Mjc0NTg4NDU0MzU5ODYx.2
2014-08-04 13:26:45,sent,#softgrunge #vintage #piano,https://scontent-sjc2-1.cdninstagram.com/t51.2885-15/e15/928627_1457231404536306_645681789_n.jpg?ig_cache_key=Nzc5ODM4NDEzOTM4OTU0NDYy.2
2014-08-06 09:04:34,sent,#artinstitute #chicago,https://scontent-sjc2-1.cdninstagram.com/t51.2885-15/e15/10575944_1461508377446750_1980023509_n.jpg?ig_cache_key=NzgxMTU2MDEwMDY0MTU0NzYw.2
2014-08-08 08:32:52,sent,#jtown #losangeles #california,https://scontent-sjc2-1.cdninstagram.com/t51.2885-15/e15/10576129_799373030107216_248724210_n.jpg?ig_cache_key=NzgyNTg5NjA0ODkyNTc4MTkw.2
2014-08-10 12:57:26,sent,#ohare #chicago #airport,https://scontent-sjc2-1.cdninstagram.com/t51.2885-15/e15/10448843_332575963580135_1274935789_n.jpg?ig_cache_key=Nzg0MTcyMzE1OTUyMzUzNDU5.2
2014-08-12 20:03:15,sent,#love #shanghai #china #bund #gay #rain #fog #umbrella #ifinallygettousethegaytag #andthisisonlypartone,https://scontent-sjc2-1.cdninstagram.com/t51.2885-15/e15/10608012_353897134761964_1665590098_n.jpg?ig_cache_key=Nzg1ODM2MTkwNjM2NTExNTM0.2
2014-08-14 13:11:43,sent,#japan #temple,https://scontent-sjc2-1.cdninstagram.com/t51.2885-15/e15/10608166_283988335139168_854426785_n.jpg?ig_cache_key=Nzg3MDc4NjA5MTIyMTY5NTUw.2
2014-08-16 10:42:24,sent,#chicago,https://scontent-sjc2-1.cdninstagram.com/t51.2885-15/e15/10607976_502692709866092_9396121_n.jpg?ig_cache_key=Nzg4NDUzMDAzMzQ2MTIwNzU4.2
2014-08-18 10:01:23,sent,#grunge,https://scontent-sjc2-1.cdninstagram.com/t51.2885-15/e15/10576239_1515490198683897_425864033_n.jpg?ig_cache_key=Nzg5ODgxOTE0NDUzOTg3ODQ2.2
2014-08-20 14:17:51,sent,#sanfrancisco #igavethisupforrhodeisland #softgrunge,https://scontent-sjc2-1.cdninstagram.com/t51.2885-15/e15/10593287_568879426550801_1320118269_n.jpg?ig_cache_key=NzkxNDYwNTQ3MjQ5Mzc3MzM0.2
2014-08-22 09:55:55,sent,#plane,https://scontent-sjc2-1.cdninstagram.com/t51.2885-15/e15/10616560_620808924704236_739428162_n.jpg?ig_cache_key=NzkyNzc4MjY1OTE1MzY0MDk3.2
2014-08-24 20:00:11,sent,#matsumoto #japan #castle #iamactuallypproudofthispictureguys #lookatthatfuckingbird #thatbirdiseverythingtome,https://scontent-sjc2-1.cdninstagram.com/t51.2885-15/e15/10488593_1529254263956755_464689269_n.jpg?ig_cache_key=Nzk0NTMxOTUxNTQ0OTYzNjg3.2
2014-08-26 10:14:20,sent,the pretty girl on the last train home #beauty #fashion #chicago,https://scontent-sjc2-1.cdninstagram.com/t51.2885-15/e15/10597453_1496355640611882_680739196_n.jpg?ig_cache_key=Nzk1Njg2NjM1MDcyNzIxMTAz.2
2014-08-28 16:27:23,sent,#grunge #rain #shanghai,https://scontent-sjc2-1.cdninstagram.com/t51.2885-15/e15/10601697_692083987535033_808015164_n.jpg?ig_cache_key=Nzk3MzIzOTU0MDQxMTk2ODE2.2
2014-08-30 14:30:54,sent,Stars #softgrunge,https://scontent-sjc2-1.cdninstagram.com/t51.2885-15/e15/10632482_436576413150029_1180489366_n.jpg?ig_cache_key=Nzk4NzE0ODc3MDg2MDc3Mjk4.2
2014-09-01 04:36:21,sent,Bubbles,https://scontent-sjc2-1.cdninstagram.com/t51.2885-15/e15/10004220_616889695094691_1077497285_n.jpg?ig_cache_key=Nzk5ODY1MTc1ODcxNjU2NDkz.2
2014-09-03 10:56:04,sent,Arrows,https://scontent-sjc2-1.cdninstagram.com/t51.2885-15/e15/10616790_441802642625473_917672267_n.jpg?ig_cache_key=ODAxNTA1ODQ4NTA0OTQ2NzE4.2
2014-09-05 09:10:51,sent,Sunrise,https://scontent-sjc2-1.cdninstagram.com/t51.2885-15/e15/10655070_688063547952128_1284657711_n.jpg?ig_cache_key=ODAyOTAyNDQxOTA0OTAyMTY4.2
2014-09-07 07:25:55,sent,Little Soldier Boy #xian #china,https://scontent-sjc2-1.cdninstagram.com/t51.2885-15/e15/10665633_1474006309525728_2022660889_n.jpg?ig_cache_key=ODA0Mjk5MTc1OTA2MzE3MDAz.2
2014-09-11 07:20:39,sent,Islands,https://scontent-sjc2-1.cdninstagram.com/t51.2885-15/e15/10598408_721383737934598_1824424510_n.jpg?ig_cache_key=ODA3MTk1NjMyMDk5NDYzNjIz.2
2014-09-13 10:03:50,sent,Transit,https://scontent-sjc2-1.cdninstagram.com/t51.2885-15/e15/10617003_822033777829249_1733113958_n.jpg?ig_cache_key=ODA4NzI3MzE1NjU5NDI4NjUy.2
2014-09-15 10:05:25,sent,Windward,https://scontent-sjc2-1.cdninstagram.com/t51.2885-15/e15/10684237_766805010032779_1196466104_n.jpg?ig_cache_key=ODEwMTc3NjYxNTczMzM3NTY3.2
2014-09-17 08:57:12,sent,home,https://scontent-sjc2-1.cdninstagram.com/t51.2885-15/e15/10684236_830894020263345_1366184864_n.jpg?ig_cache_key=ODExNTkyODgxNTgzNzU2MjI2.2
2014-09-19 12:05:17,sent,Speramus #BrownUniversity,https://scontent-sjc2-1.cdninstagram.com/t51.2885-15/e15/10632285_853761987982155_1550365435_n.jpg?ig_cache_key=ODEzMTM3MTAxMzgxNTA1MTA1.2
2014-09-21 08:28:14,sent,Manuscript,https://scontent-sjc2-1.cdninstagram.com/t51.2885-15/e15/10175171_584841808288088_410116933_n.jpg?ig_cache_key=ODE0NDc3NDA3NzkyMjA1OTE2.2
2014-09-23 09:43:13,sent,Short Stories,https://scontent-sjc2-1.cdninstagram.com/t51.2885-15/e15/10683768_351759938316156_462953720_n.jpg?ig_cache_key=ODE1OTY0Njk0MTQxMDE0NTQ2.2
2014-09-25 11:08:07,sent,Lucky Charm,https://scontent-sjc2-1.cdninstagram.com/t51.2885-15/e15/1963020_711021415617629_1759537966_n.jpg?ig_cache_key=ODE3NDU2OTc3NjUwNzE2ODkw.2
2014-09-27 09:23:05,sent,Pure Water (Kyoto),https://scontent-sjc2-1.cdninstagram.com/t51.2885-15/e15/10706920_710055649087481_643382722_n.jpg?ig_cache_key=ODE4ODUzNjY1NDcyODQ0NzI3.2
2014-09-29 15:27:34,sent,Oceans (inspired by @secretcatburrito),https://scontent-sjc2-1.cdninstagram.com/t51.2885-15/e15/924453_549248631842946_1658241214_n.jpg?ig_cache_key=ODIwNDg2NjY5NzE4ODUxOTUz.2
2014-10-01 08:57:06,sent,Storm,https://scontent-sjc2-1.cdninstagram.com/t51.2885-15/e15/1516214_901246106570675_1692302841_n.jpg?ig_cache_key=ODIxNzM5Njk0MzkxMzY2MTgx.2
2014-10-03 09:01:48,sent,Stasis (Hangzhou),https://scontent-sjc2-1.cdninstagram.com/t51.2885-15/e15/10707176_1541023779460321_2013113828_n.jpg?ig_cache_key=ODIzMTkxNjA2NzkzOTMzMzAz.2
2014-10-05 17:07:17,sent,Chapel,https://scontent-sjc2-1.cdninstagram.com/t51.2885-15/e15/10723978_1476304159312652_811628696_n.jpg?ig_cache_key=ODI0ODg1NTE0MDExNzQyNTQz.2
2014-10-07 13:17:42,sent,(San Diego),https://scontent-sjc2-1.cdninstagram.com/t51.2885-15/e15/10727525_382341238589584_79611381_n.jpg?ig_cache_key=ODI2MjE5NTEzNjQ4ODQ1Mzk0.2
2014-10-09 16:06:19,sent,Life Is A Beach (Venice Beach),https://scontent-sjc2-1.cdninstagram.com/t51.2885-15/e15/10727655_648202041961285_1815155650_n.jpg?ig_cache_key=ODI3NzUzOTI2ODYxODUzNjYw.2
2014-10-11 09:16:10,sent,"Cravings, Los Angeles",https://scontent-sjc2-1.cdninstagram.com/t51.2885-15/e15/10727516_982342861791517_2062586045_n.jpg?ig_cache_key=ODI4OTk3MDQyNDkxMTY2NzU1.2
2014-10-13 03:48:10,sent,06:42 a.m,https://scontent-sjc2-1.cdninstagram.com/t51.2885-15/e15/10727650_577043709067133_1770491624_n.jpg?ig_cache_key=ODMwMjgxNTA0OTA2NjEzNjgy.2
2014-10-15 09:39:58,sent,Avenues (New York),https://scontent-sjc2-1.cdninstagram.com/t51.2885-15/e15/10724014_476153942526914_1492396342_n.jpg?ig_cache_key=ODMxOTA4MTMwNDI5OTMyNTA4.2
2014-10-17 10:49:52,sent,Watercolor (Azumino),https://scontent-sjc2-1.cdninstagram.com/t51.2885-15/e15/10731486_963987613618333_1044288469_n.jpg?ig_cache_key=ODMzMzkyODYyMjI5NTAwMjg3.2
2014-10-19 11:36:00,sent,Shine,https://scontent-sjc2-1.cdninstagram.com/t51.2885-15/e15/10706645_840172069336952_992058190_n.jpg?ig_cache_key=ODM0ODY1NjI4MDY1NjMyNDc4.2
2014-10-21 16:57:58,sent,The Wish (Tokyo),https://scontent-sjc2-1.cdninstagram.com/t51.2885-15/e15/10731440_777199585674518_1108689716_n.jpg?ig_cache_key=ODM2NDc3MjMzNDI1NjE3NDM0.2
2014-10-23 14:38:57,sent,tempo giusto,https://scontent-sjc2-1.cdninstagram.com/t51.2885-15/e15/10727489_1477828842505734_511859127_n.jpg?ig_cache_key=ODM3ODU2ODE3NTg5MDY0MjMz.2
2014-10-25 22:07:54,sent,Stars Again,https://scontent-sjc2-1.cdninstagram.com/t51.2885-15/e15/10727505_1516434801932087_795759768_n.jpg?ig_cache_key=ODM5NTMyMzMyNTE1Mzk4MzIx.2
2014-10-27 16:03:23,sent,(Not Responding),https://scontent-sjc2-1.cdninstagram.com/t51.2885-15/e15/10727653_728412040584082_1485413883_n.jpg?ig_cache_key=ODQwNzk4NDEyMDA5NDQzNzE5.2
2014-10-29 10:35:37,sent,Impose,https://scontent-sjc2-1.cdninstagram.com/t51.2885-15/e15/10735241_684457141651291_29810117_n.jpg?ig_cache_key=ODQyMDgyOTkzODM2NzI0Njky.2
2014-10-31 22:15:13,sent,"Chilean Sea Bass, Dried Miso @nobusandiego",https://scontent-sjc2-1.cdninstagram.com/t51.2885-15/e15/10731687_387000918115827_309502928_n.jpg?ig_cache_key=ODQzODg0NjY1NjE3NTg0OTYy.2
2014-11-02 10:20:01,sent,Sheltered Stray (Tokyo),https://scontent-sjc2-1.cdninstagram.com/t51.2885-15/e15/10787789_855700571147072_2117732896_n.jpg?ig_cache_key=ODQ1MDA0NDQ4MTczOTg2NzUx.2
2014-11-04 08:46:54,sent,Lanterns,https://scontent-sjc2-1.cdninstagram.com/t51.2885-15/e15/10755808_762616940476005_132527565_n.jpg?ig_cache_key=ODQ2NDA3MTI4ODY4MDAwMTIw.2
2014-11-06 12:37:38,sent,Light,https://scontent-sjc2-1.cdninstagram.com/t51.2885-15/e15/10802663_349000351941157_925118010_n.jpg?ig_cache_key=ODQ3OTcyODE3NDAzNzEyMTYy.2
2014-11-08 15:34:11,sent,Waiting (Tokyo),https://scontent-sjc2-1.cdninstagram.com/t51.2885-15/e15/10735450_1566987800202695_1201913998_n.jpg?ig_cache_key=ODQ5NTExMjIyNjU0NjAzNjAx.2
2014-11-10 10:36:12,sent,Lunch Rush,https://scontent-sjc2-1.cdninstagram.com/t51.2885-15/e15/10747788_386093804881573_1333414860_n.jpg?ig_cache_key=ODUwODEwODAyMTgwNTI3MDMx.2
2014-11-12 10:57:00,sent,Audition (Minneapolis),https://scontent-sjc2-1.cdninstagram.com/t51.2885-15/e15/914476_1498364897096383_359214243_n.jpg?ig_cache_key=ODUyMjcwODE3NzM1MTUyMzI1.2
2014-11-14 07:22:14,sent,Winter Break (Hong Kong),https://scontent-sjc2-1.cdninstagram.com/t51.2885-15/e15/10723774_1506437216302943_769484673_n.jpg?ig_cache_key=ODUzNjEyMjcxNzU3NzU4OTAz.2
2014-11-16 09:25:47,sent,Comforts,https://scontent-sjc2-1.cdninstagram.com/t51.2885-15/e15/10808637_310369089154142_176033270_n.jpg?ig_cache_key=ODU1MTI0MDA5NDU2MDQ2NjA0.2
2014-11-18 08:43:05,sent,Spotlights,https://scontent-sjc2-1.cdninstagram.com/t51.2885-15/e15/10808714_881543658545812_267268594_n.jpg?ig_cache_key=ODU2NTUyMDY4MjE0MjMxMDY1.2
2014-11-20 11:22:36,sent,Shadow,https://scontent-sjc2-1.cdninstagram.com/t51.2885-15/e15/10817527_741496749252790_58484442_n.jpg?ig_cache_key=ODU4MDgxOTA5MDE1MTIyODI2.2
2014-11-22 11:23:39,sent,Service Stop (Japan),https://scontent-sjc2-1.cdninstagram.com/t51.2885-15/e15/10611032_766952570051939_941300552_n.jpg?ig_cache_key=ODU5NTMxOTg5OTE2MTI3MzUy.2
2014-11-24 09:57:06,sent,@yyounggy my notifications tab has never been so alive,https://scontent-sjc2-1.cdninstagram.com/t51.2885-15/e15/10817838_307653056090020_2145922801_n.jpg?ig_cache_key=ODYwOTM3OTc1MTAwOTM3MDU0.2
2014-11-26 10:25:39,sent,Gate 6,https://scontent-sjc2-1.cdninstagram.com/t51.2885-15/e15/10666163_614773408651494_678549836_n.jpg?ig_cache_key=ODYyNDAxODk3MDQ1NzU4MjIw.2
2014-11-28 10:52:49,sent,Saturation (Los Angeles),https://scontent-sjc2-1.cdninstagram.com/t51.2885-15/e15/10817936_373468816159693_621633794_n.jpg?ig_cache_key=ODYzODY1MTI4MjcyNTk3MzY4.2
2014-11-30 14:00:45,sent,Mill,https://scontent-sjc2-1.cdninstagram.com/t51.2885-15/e15/10748172_1402939229996731_1713070128_n.jpg?ig_cache_key=ODY1NDA5MjcwMjU3NjE5NzU2.2
2014-12-03 05:43:01,sent,Shoreline,https://scontent-sjc2-1.cdninstagram.com/t51.2885-15/e15/10838570_740742296006780_326670494_n.jpg?ig_cache_key=ODY3MzMzMDc2NzMxNjMwMjQ5.2
2014-12-04 11:14:42,sent,@secretcatburrito #tbt,https://scontent-sjc2-1.cdninstagram.com/t51.2885-15/e15/10838595_319863641540787_156520635_n.jpg?ig_cache_key=ODY4MjI0Nzk1MDA2Mjc1NjQ2.2
2014-12-06 11:24:16,sent,June (Tokyo),https://scontent-sjc2-1.cdninstagram.com/t51.2885-15/e15/10844296_801852583209164_598499042_n.jpg?ig_cache_key=ODY5Njc5MTYwNjIzNjk4NDkx.2
2014-12-08 09:09:14,sent,Veil,https://scontent-sjc2-1.cdninstagram.com/t51.2885-15/e15/10848243_313217308884954_145107807_n.jpg?ig_cache_key=ODcxMDYwNzQ0NDQ2NzQyNzQ3.2
2014-12-10 13:02:41,sent,(Matsumoto),https://scontent-sjc2-1.cdninstagram.com/t51.2885-15/e15/10838791_1519245585001456_831943518_n.jpg?ig_cache_key=ODcyNjI3Nzk4ODMyMzg2NzI4.2
2014-12-12 18:52:45,sent,Capital Lights,https://scontent-sjc2-1.cdninstagram.com/t51.2885-15/e15/10865039_391686020997302_126600906_n.jpg?ig_cache_key=ODc0MjUzNTQ0MzU3MTcxNzEy.2
2014-12-14 10:50:10,sent,Horizon,https://scontent-sjc2-1.cdninstagram.com/t51.2885-15/e15/924168_395869407243822_314949070_n.jpg?ig_cache_key=ODc1NDYwMTk4ODAxMTUwMzk3.2
2014-12-16 15:19:23,sent,Nawate Dori (Matsumoto),https://scontent-sjc2-1.cdninstagram.com/t51.2885-15/e15/10570102_1521902618075642_119917410_n.jpg?ig_cache_key=ODc3MDQ1MjU4OTM5NjAwOTkx.2
2014-12-18 09:40:12,sent,Tatami (Kyoto),https://scontent-sjc2-1.cdninstagram.com/t51.2885-15/e15/10864876_1565506053695472_1644455349_n.jpg?ig_cache_key=ODc4MzI0MDg2Njg1MTEwNjc0.2
2014-12-20 11:26:03,sent,General Mills,https://scontent-sjc2-1.cdninstagram.com/t51.2885-15/e15/10852705_1546459078935289_1005465129_n.jpg?ig_cache_key=ODc5ODI2OTE0MTgwMTQyMDQx.2
2014-12-22 09:38:56,sent,ord,https://scontent-sjc2-1.cdninstagram.com/t51.2885-15/e15/10852906_1505877443028463_2044857958_n.jpg?ig_cache_key=ODgxMjIyNTUyMzYwOTE1ODY1.2
2014-12-24 16:58:41,sent,"""Throughout the night Galaxy's southern edge / glistens white, explodes,""",https://scontent-sjc2-1.cdninstagram.com/t51.2885-15/e15/10844260_323655197839565_142057773_n.jpg?ig_cache_key=ODgyODkzNDM5MTA3NjY2ODcy.2
2014-12-26 12:24:06,sent,i could make a coffee table book out of all of these umbrella pictures,https://scontent-sjc2-1.cdninstagram.com/t51.2885-15/e15/10005190_1557507907799123_2025466707_n.jpg?ig_cache_key=ODg0MjA0NzkzMzAzMjA4Njg4.2
2014-12-28 11:05:30,sent,"""(Two-hundred and two) restored cast iron antique street lamps""",https://scontent-sjc2-1.cdninstagram.com/t51.2885-15/e15/10881877_1541186536144794_601908931_n.jpg?ig_cache_key=ODg1NjE0NzgzMTUwNzU2Mjgx.2
2014-12-30 10:34:25,sent,ginkakuji,https://scontent-sjc2-1.cdninstagram.com/t51.2885-15/e15/10890805_1537093719879635_1844261969_n.jpg?ig_cache_key=ODg3MDQ4Njg1OTI0OTc5Njg4.2
2015-01-01 11:56:59,sent,are the benches different lengths or is it just an optical illusion wow,https://scontent-sjc2-1.cdninstagram.com/t51.2885-15/e15/10903633_792636910801779_2109594953_n.jpg?ig_cache_key=ODg4NTM5Nzk2NjIzMzk3MjE0.2
2015-01-03 12:15:49,sent,there's a pun here somewhere given the date but nah,https://scontent-sjc2-1.cdninstagram.com/t51.2885-15/e15/10890780_1515060745426418_1033155659_n.jpg?ig_cache_key=ODg5OTk4ODI5MDY2NzE5MzIy.2
2015-01-05 11:16:38,sent,don't worry guys i still have like 5 more umbrellas,https://scontent-sjc2-1.cdninstagram.com/t51.2885-15/e15/10914286_393134344181476_1090360924_n.jpg?ig_cache_key=ODkxNDE4NTkyNjMyNDQzMjEy.2
2015-01-07 12:53:04,sent,*some quote from tangled about staying inside all the time*,https://scontent-sjc2-1.cdninstagram.com/t51.2885-15/e15/10899053_1538159839787483_1874150363_n.jpg?ig_cache_key=ODkyOTE2Njc4MjY1NDc1Mzcw.2
2015-01-09 11:42:07,sent,"someone disliked their fortune so much that they delicately folded it, found the highest branch possible, and gently tied it on, and if that's not true love i don't know what is",https://scontent-sjc2-1.cdninstagram.com/t51.2885-15/e15/10895148_356338087882214_1084506899_n.jpg?ig_cache_key=ODk0MzMwNTE3MTU4Njk1MjQx.2
2015-01-11 12:19:21,sent,"ah yes, this train station is dedicated to the worst president in history, how lovely",https://scontent-sjc2-1.cdninstagram.com/t51.2885-15/e15/10903459_589808624496758_187585621_n.jpg?ig_cache_key=ODk1Nzk4ODEyNDg3NTIxMDc3.2
2015-01-13 11:58:06,sent,vacations are nice,https://scontent-sjc2-1.cdninstagram.com/t51.2885-15/e15/10919584_210308712472844_958454828_n.jpg?ig_cache_key=ODk3MjM3NjYzNjg0ODI1NDcz.2
2015-01-15 17:33:01,sent,"my toes, i cannot feel my toes",https://scontent-sjc2-1.cdninstagram.com/t51.2885-15/e15/10817978_332622950259988_408442455_n.jpg?ig_cache_key=ODk4ODU1NzgzMjE4MzUyMjQ1.2
2015-01-17 11:15:10,sent,what a nice lamppost,https://scontent-sjc2-1.cdninstagram.com/t51.2885-15/e15/10895262_1533273733591675_1732750832_n.jpg?ig_cache_key=OTAwMTE1MTYwMDA0ODkxMzE0.2
2015-01-19 13:52:18,sent,o pequeno santu√°rio em macau,https://scontent-sjc2-1.cdninstagram.com/t51.2885-15/e15/10919638_931730960172272_1929226364_n.jpg?ig_cache_key=OTAxNjQzNzk5NDU2NDUzMjM0.2
2015-01-21 09:59:51,sent,amazingly i still managed to use the crema filter,https://scontent-sjc2-1.cdninstagram.com/t51.2885-15/e15/10919310_758316430916278_63788930_n.jpg?ig_cache_key=OTAyOTc2MzU3MDA3OTU0ODY1.2
2015-01-23 13:46:38,sent,my dreams and i lounging on a beach,https://scontent-sjc2-1.cdninstagram.com/t51.2885-15/e15/10950458_853402374723534_760679174_n.jpg?ig_cache_key=OTA0NTQwMDQ3MDQxNjk2MjQ4.2
2015-01-25 20:24:06,sent,i wish my camera could adequately capture sunset gradients,https://scontent-sjc2-1.cdninstagram.com/t51.2885-15/e15/10919192_724102554377037_1966188219_n.jpg?ig_cache_key=OTA2MTg5NjU1NjIyODgyMjIw.2
2015-01-27 10:58:25,sent,the railing kills this picture every time,https://scontent-sjc2-1.cdninstagram.com/t51.2885-15/e15/10932623_1594459047444172_294411951_n.jpg?ig_cache_key=OTA3MzU0NDg1MTcyMDE1NDk0.2
2015-01-29 13:23:29,sent,i basically took this picture before but this time it's apples,https://scontent-sjc2-1.cdninstagram.com/t51.2885-15/e15/10957303_792519164135445_1588346258_n.jpg?ig_cache_key=OTA4ODc3MDU0NjY4NzcyMzA1.2
2015-01-31 13:16:32,sent,this bench is about as useful as my decaying zest for life,https://scontent-sjc2-1.cdninstagram.com/t51.2885-15/e15/10946513_1056221847738033_1329338273_n.jpg?ig_cache_key=OTEwMzIzMTA5OTYwNjgzODA1.2
2015-02-02 13:18:58,sent,fave slogan tbh,https://scontent-sjc2-1.cdninstagram.com/t51.2885-15/e15/10950434_1394381680868201_1034030783_n.jpg?ig_cache_key=OTExNzczODgxNTEyNTYyNzA2.2
2015-02-04 10:10:02,sent,crema saves the day again: a photoseries,https://scontent-sjc2-1.cdninstagram.com/t51.2885-15/e15/10957366_1543999139208318_1451652243_n.jpg?ig_cache_key=OTEzMTI4MzQwNDYxMjYwOTM0.2
2015-02-06 13:02:14,sent,This may be my favorite picture of mine,https://scontent-sjc2-1.cdninstagram.com/t51.2885-15/e15/10946640_311378705738188_902118889_n.jpg?ig_cache_key=OTE0NjY0NTYyNTUxNzU1MTUy.2
2015-02-08 17:54:17,sent,my cup is 100% empty,https://scontent-sjc2-1.cdninstagram.com/t51.2885-15/e15/10948657_440663239422974_1713288230_n.jpg?ig_cache_key=OTE2MjYxMTExNDA4OTU1NjQ4.2
2015-02-10 12:39:56,sent,breathe.,https://scontent-sjc2-1.cdninstagram.com/t51.2885-15/e15/10948445_331523270380484_1826426948_n.jpg?ig_cache_key=OTE3NTUyNDQxNzAzNjAxMDQ4.2
2015-02-12 12:39:18,sent,#tbt high tea @thepeninsulachi,https://scontent-sjc2-1.cdninstagram.com/t51.2885-15/e15/10520309_823204767745152_1989376280_n.jpg?ig_cache_key=OTE5MDAxNjc3OTA1MzM0NjA0.2
2015-02-14 21:36:13,sent,newbury st,https://scontent-sjc2-1.cdninstagram.com/t51.2885-15/e15/10954392_857197097675317_1046853135_n.jpg?ig_cache_key=OTIwNzIxNDY4NTI1NDQ5ODI0.2
2015-02-16 17:47:44,sent,please wash your hands in the spit of this dragon before entering the temple thank u,https://scontent-sjc2-1.cdninstagram.com/t51.2885-15/e15/11008216_659909167464383_86380701_n.jpg?ig_cache_key=OTIyMDU2MDE0ODQ4MTM2MDkx.2
2015-02-18 14:10:36,sent,have i edited beyond my jurisdiction,https://scontent-sjc2-1.cdninstagram.com/t51.2885-15/e15/10986257_631376740342020_1674042599_n.jpg?ig_cache_key=OTIzMzk2Mjg0MjgxODUyOTIx.2
2015-02-20 11:46:58,sent,small something something something,https://scontent-sjc2-1.cdninstagram.com/t51.2885-15/e15/10475197_1595545024014370_757542877_n.jpg?ig_cache_key=OTI0NzczNTM5MzA2MzQ1MDQ4.2
2015-02-22 19:09:47,sent,red leaves on the ground in summer what a magical place,https://scontent-sjc2-1.cdninstagram.com/t51.2885-15/e15/11008297_1557625107842842_1220286780_n.jpg?ig_cache_key=OTI2NDQ1OTY5Mjg4NTMyODQ0.2
2015-02-24 12:43:06,sent,let it snow let it snow let me leave,https://scontent-sjc2-1.cdninstagram.com/t51.2885-15/e15/11005222_859522340753147_556147866_n.jpg?ig_cache_key=OTI3NzAwODk4NzI4NzEwNjk3.2
2015-02-26 11:21:54,sent,"is this the ""aesthetic""",https://scontent-sjc2-1.cdninstagram.com/t51.2885-15/e15/10990595_1599638806935397_2119457588_n.jpg?ig_cache_key=OTI5MTA5NTc2NzQwNTczMzkw.2
2015-02-28 17:11:02,sent,i like this one,https://scontent-sjc2-1.cdninstagram.com/t51.2885-15/e15/11017579_1548461608736279_1198465338_n.jpg?ig_cache_key=OTMwNzM0ODU4NjAxODI5MDUw.2
2015-03-03 08:42:36,sent,missed a day but im back my 6 loyal followers,https://scontent-sjc2-1.cdninstagram.com/t51.2885-15/e15/11024119_427829587373224_1875621015_n.jpg?ig_cache_key=OTMyNjUzMjgzMTM3ODg0Mzc0.2
2015-03-05 11:44:33,sent,how i wish pictures could adequately capture the beauty of rainfall,https://scontent-sjc2-1.cdninstagram.com/t51.2885-15/e15/11024389_520526921420355_2047985109_n.jpg?ig_cache_key=OTM0MTk0NDA1MzQxNDY3NTY4.2
2015-03-08 10:35:33,sent,foooggggg,https://scontent-sjc2-1.cdninstagram.com/t51.2885-15/e15/11032960_365801843607189_557058310_n.jpg?ig_cache_key=OTM2MzAzODA1NzgyODg4NTcz.2
2015-03-10 08:25:58,sent,"i found a nice place on campus and im never going to tell anyone about it 
anyway expect lots of pictures",https://scontent-sjc2-1.cdninstagram.com/t51.2885-15/e15/10005624_1563851387191840_1035190298_n.jpg?ig_cache_key=OTM3Njg4MTQwNDczNzY2ODA4.2
2015-03-12 08:17:43,sent,all this warm weather just makes me crave break and vacation,https://scontent-sjc2-1.cdninstagram.com/t51.2885-15/e15/11055963_437324936425232_1391949335_n.jpg?ig_cache_key=OTM5MTMzNTQwNjMyMTcxMjc1.2
2015-03-14 19:02:27,sent,i dont even know what this was but its very grunge aesthetic,https://scontent-sjc2-1.cdninstagram.com/t51.2885-15/e15/11024106_455377761291685_2124218097_n.jpg?ig_cache_key=OTQwOTA3NTkwNTcyMzgwMjk4.2
2015-03-16 22:12:40,sent,something's wrong with this photo but i can't tell if it's my fault or if it's the piano's,https://scontent-sjc2-1.cdninstagram.com/t51.2885-15/e15/11018558_1578181525797419_560671853_n.jpg?ig_cache_key=OTQyNDUyODg0OTU5MjAzNjc4.2
2015-03-18 11:57:26,sent,"naperville community unit school district 203
naperville central high school
440 w aurora avenue
naperville, il 60540-6298",https://scontent-sjc2-1.cdninstagram.com/t51.2885-15/e15/10919171_401135476732881_1621407112_n.jpg?ig_cache_key=OTQzNTkyNzgwOTE0NTYxMTAw.2
2015-03-21 15:33:43,sent,"scatter, my children",https://scontent-sjc2-1.cdninstagram.com/t51.2885-15/e15/1598567_329614443914665_89365830_n.jpg?ig_cache_key=OTQ1ODc1OTYxNzcyNTc2ODgy.2
2015-03-23 21:25:54,sent,when is my wedding,https://scontent-sjc2-1.cdninstagram.com/t51.2885-15/e15/11084828_906716366026503_2077021445_n.jpg?ig_cache_key=OTQ3NTAyNzc2MzgzNTA5MTQw.2
2015-03-25 18:01:38,sent,but why,https://scontent-sjc2-1.cdninstagram.com/t51.2885-15/e15/11032949_361710674031129_1293476585_n.jpg?ig_cache_key=OTQ4ODQ5NTEzMzE2NTUyNzMw.2
2015-03-28 12:59:56,sent,it's not centered,https://scontent-sjc2-1.cdninstagram.com/t51.2885-15/e15/11098242_780876808647832_654568760_n.jpg?ig_cache_key=OTUwODcxOTkzOTk2NjEyMjY5.2
2015-03-30 16:41:00,sent,"seeya in 7 months, snow",https://scontent-sjc2-1.cdninstagram.com/t51.2885-15/e15/11123933_850113541717765_1950931235_n.jpg?ig_cache_key=OTUyNDMyODA4OTk0MzQ1Nzc1.2
2015-04-01 15:01:08,sent,hi hey yo hello top of the morning good day to you sir,https://scontent-sjc2-1.cdninstagram.com/t51.2885-15/e15/11049144_837362829652904_338662072_n.jpg?ig_cache_key=OTUzODMyMTAyMzY4NDQ4NjA0.2
2015-04-03 13:02:43,sent,that trash can is so not well placed,https://scontent-sjc2-1.cdninstagram.com/t51.2885-15/e15/11094492_1577318609208361_909387316_n.jpg?ig_cache_key=OTU1MjIyMDQ4ODc4Njk0NDE2.2
2015-04-29 20:16:30,sent,did someone say new filters,https://scontent-sjc2-1.cdninstagram.com/t51.2885-15/e15/11208099_1587280244845776_548692751_n.jpg?ig_cache_key=OTc0Mjg0NTQ3MjI1NjIxMjE1.2
2015-05-01 18:46:05,sent,oh my god,https://scontent-sjc2-1.cdninstagram.com/t51.2885-15/e15/11189940_837206313036128_755247217_n.jpg?ig_cache_key=OTc1Njg4NTkxNzgxNDY2Mjgz.2
2015-05-04 11:03:15,sent,ooh,https://scontent-sjc2-1.cdninstagram.com/t51.2885-15/e15/11202458_388764937987820_2016111642_n.jpg?ig_cache_key=OTc3NjI5OTY1ODg4MDY1NjIz.2
2015-05-26 09:26:42,sent,burds,https://scontent-sjc2-1.cdninstagram.com/t51.2885-15/e15/11379282_462303200605232_337259641_n.jpg?ig_cache_key=OTkzNTI2NDM0ODcyNDk2Mzk0.2
2015-05-28 23:42:54,sent,Mayonnaise,https://scontent-sjc2-1.cdninstagram.com/t51.2885-15/e15/11335108_1581394238815944_145161118_n.jpg?ig_cache_key=OTk1NDA2OTI3NDgyMTMxMjQw.2
2015-06-01 23:05:38,sent,but unfortunately i am not in shanghai anymore,https://scontent-sjc2-1.cdninstagram.com/t51.2885-15/e15/11378546_1450626148586367_815148772_n.jpg?ig_cache_key=OTk4Mjg3Mjc0MzUxODU3ODU2.2
2015-06-24 18:02:09,sent,there were geese but i cut those toxic birds out of my life,https://scontent-sjc2-1.cdninstagram.com/t51.2885-15/e15/1390060_450623951781414_2006153722_n.jpg?ig_cache_key=MTAxNDgwNDM3MjE1ODc0NzM4OA%3D%3D.2
2015-06-28 09:36:02,sent,la portara at sunset,https://scontent-sjc2-1.cdninstagram.com/t51.2885-15/e15/11430224_712759315517123_2054330088_n.jpg?ig_cache_key=MTAxNzQ0ODczMjA1ODc4Mzg2Ng%3D%3D.2
2015-07-10 09:19:00,sent,(small) seating area at (the very small) airport,https://scontent-sjc2-1.cdninstagram.com/t51.2885-15/e35/1740907_141902429475108_1489276498_n.jpg?ig_cache_key=MTAyNjEzNzQ3MTE2NTQ2OTAxMg%3D%3D.2&se=7
2015-07-22 09:29:13,sent,definitely taken with photo pass,https://scontent-sjc2-1.cdninstagram.com/t51.2885-15/e35/11352151_1611431105792588_264848208_n.jpg?ig_cache_key=MTAzNDgzOTkyMDU4NzkwMzI4MQ%3D%3D.2&se=7
2015-07-28 11:11:08,sent,99 degrees,https://scontent-sjc2-1.cdninstagram.com/t51.2885-15/e35/11335128_1630042097284429_2098485812_n.jpg?ig_cache_key=MTAzOTIzOTg3NDE5ODcwNDg1NA%3D%3D.2&se=7
2015-08-07 11:39:54,sent,no construction people at my house today so im actually eating lunch,https://scontent-sjc2-1.cdninstagram.com/t51.2885-15/e35/11248194_1600953186821975_1946277652_n.jpg?ig_cache_key=MTA0NjUwMjEwNDEyNDQyOTI2NQ%3D%3D.2&se=7
2015-08-17 11:25:54,sent,afternoon tea,https://scontent-sjc2-1.cdninstagram.com/t51.2885-15/e35/11348261_753653718079461_1281191139_n.jpg?ig_cache_key=MTA1Mzc0MjgxNzcxNTIyOTE1Ng%3D%3D.2&se=7
2015-09-04 07:10:29,sent,are they heart surgeons or are they dumpling chefs,https://scontent-sjc2-1.cdninstagram.com/t51.2885-15/e35/11910110_143215672689087_1473910056_n.jpg?ig_cache_key=MTA2NjY2MDIyNTUwOTU2MTA5OQ%3D%3D.2&se=7
2015-09-17 13:45:54,sent,4.46 pm,https://scontent-sjc2-1.cdninstagram.com/t51.2885-15/e35/11899603_940525239341242_745340058_n.jpg?ig_cache_key=MTA3NjI4MTMzMzM5NzM5MzUwNw%3D%3D.2&se=7
2015-10-03 15:57:46,sent,i need another vacation like i dont need a hurricane in my area right now,https://scontent-sjc2-1.cdninstagram.com/t51.2885-15/e35/12142113_151510011865302_378616762_n.jpg?ig_cache_key=MTA4Nzk0NDExNjg2MTk5NzY5Ng%3D%3D.2&se=7
2015-10-11 10:41:56,sent,that day it rained (i.e water+colors),https://scontent-sjc2-1.cdninstagram.com/t51.2885-15/e35/12142171_786175468172004_883416114_n.jpg?ig_cache_key=MTA5MzU4MzM1MTIzMzE4ODA2OQ%3D%3D.2&se=7
2015-10-18 15:36:08,sent,can't beat suburbia,https://scontent-sjc2-1.cdninstagram.com/t51.2885-15/e35/12145171_656688157801961_456363114_n.jpg?ig_cache_key=MTA5ODgwNDg2NDk0NTI5NTc0Mg%3D%3D.2&se=7
2015-10-25 21:55:10,sent,article number: 902.638.36 (designer: gillis lundgren),https://scontent-sjc2-1.cdninstagram.com/t51.2885-15/e35/12071026_503333053168299_578253616_n.jpg?ig_cache_key=MTEwNDA2OTA2ODQ1OTY3NjQyMQ%3D%3D.2&se=7
2015-11-01 15:49:41,sent,paradise,https://scontent-sjc2-1.cdninstagram.com/t51.2885-15/e35/12105025_1521353371520517_1224939865_n.jpg?ig_cache_key=MTEwODk4ODczOTY5Njc5MjM5Mg%3D%3D.2&se=7
2015-11-08 10:19:16,sent,"""blue""",https://scontent-sjc2-1.cdninstagram.com/t51.2885-15/e35/11906136_1646427095631147_1616353216_n.jpg?ig_cache_key=MTExMzg5NTg2NTU4NjA5NDk4OA%3D%3D.2&se=7
2015-11-22 18:44:37,sent,i just took this picture of my bathroom just to send my mom what the cabinets look like but i really like the lighting too,https://scontent-sjc2-1.cdninstagram.com/t51.2885-15/e35/11116815_1526304311020512_1309447562_n.jpg?ig_cache_key=MTEyNDI5NzA3NTc0OTA5Nzg2NA%3D%3D.2&se=7
2015-11-29 15:39:57,sent,focus: the dust on my window,https://scontent-sjc2-1.cdninstagram.com/t51.2885-15/e35/12317466_508327565993889_1179574601_n.jpg?ig_cache_key=MTEyOTI3NzU1ODYzMTI0MDI0OA%3D%3D.2&se=7
2015-12-06 08:28:00,sent,"""calder gave the stabile its color to offset it from the black and steel surroundings of nearby office buildings.""",https://scontent-sjc2-1.cdninstagram.com/t51.2885-15/e35/12356514_153819408307923_2057869531_n.jpg?ig_cache_key=MTEzNDEzMzU4MTQ5ODA5NDI2NQ%3D%3D.2&se=7
2015-12-13 10:37:38,sent,roots and shoots,https://scontent-sjc2-1.cdninstagram.com/t51.2885-15/e35/12353957_1019351561451447_20565530_n.jpg?ig_cache_key=MTEzOTI3MjI1NjY0OTIzNjkwOQ%3D%3D.2&se=7
2015-12-20 17:41:17,sent,"""And this is not a book, but a form dissimulating as a book.
And of course, this is not blue.
This is not yellow.
This is not black.
These are the colors, lines, shapes, and forms that compose the plates displayed here.""
- Walid Raad, Appendix XVIII: Plates 22-257",https://scontent-sjc2-1.cdninstagram.com/t51.2885-15/e35/12394118_949986628371818_1005113857_n.jpg?ig_cache_key=MTE0NDU1ODkxNjU1MTExOTM2Nw%3D%3D.2&se=7
2015-12-28 18:15:51,sent,"athens, june üá¨üá∑",https://scontent-sjc2-1.cdninstagram.com/t51.2885-15/e35/12356375_1257654927583665_1917014541_n.jpg?ig_cache_key=MTE1MDM3NDUyNjgwNzc3NDAxMA%3D%3D.2&se=7
2016-01-03 19:04:19,sent,the back room at caffebene near times square last november ~ hot chocolate + danish an hour before dinner ‚òïÔ∏èüç∞,https://scontent-sjc2-1.cdninstagram.com/t51.2885-15/e35/12407214_570404523113427_959466280_n.jpg?ig_cache_key=MTE1NDc0NzU3MTAzOTE3OTQ4Nw%3D%3D.2&se=7
2016-01-11 18:18:09,sent,produce fruit,https://scontent-sjc2-1.cdninstagram.com/t51.2885-15/e35/11264861_1518159148513894_1740493677_n.jpg?ig_cache_key=MTE2MDUyMjUzOTYzOTMxMjkzMA%3D%3D.2&se=7
2016-01-17 18:39:56,sent,this sign is actually so small and dirty but it's still iconic ,https://scontent-sjc2-1.cdninstagram.com/t51.2885-15/e35/916494_1521171064850509_1836098865_n.jpg?ig_cache_key=MTE2NDg4MjE2MzQ5ODgxNTY4OQ%3D%3D.2&se=7
2016-01-25 21:25:29,sent,these pinks are unreal,https://scontent-sjc2-1.cdninstagram.com/t51.2885-15/e35/12568828_1516279928668290_1563055614_n.jpg?ig_cache_key=MTE3MDc2MzY4NzQyNzM3OTY0Ng%3D%3D.2&se=7
2016-02-01 16:55:20,sent,300 e randolph,https://scontent-sjc2-1.cdninstagram.com/t51.2885-15/e35/12547618_1690908494514184_635083664_n.jpg?ig_cache_key=MTE3NTcwMTE0OTE5OTE3NjAxOQ%3D%3D.2&se=7
2016-02-07 17:40:06,sent,i think i'm getting better at centering,https://scontent-sjc2-1.cdninstagram.com/t51.2885-15/e35/12545271_972603086126956_1267028121_n.jpg?ig_cache_key=MTE4MDA3MjMzOTM5NzIxODQ3MA%3D%3D.2&se=7
2016-02-14 12:29:22,sent,"""I found an old bicycle seat right next to a rusty set of handlebars. In a flash, they joined together in my head. The idea of the Bull's Head came to me before I had a chance to think.""
pablo picasso, t√™te de taureau",https://scontent-sjc2-1.cdninstagram.com/t51.2885-15/e35/12677272_1676066502664264_1125046286_n.jpg?ig_cache_key=MTE4NDk4OTM2NjEwMDQ5NjkxOQ%3D%3D.2&se=7
2016-02-21 15:53:30,sent,üå§,https://scontent-sjc2-1.cdninstagram.com/t51.2885-15/e35/12424670_729308053872478_1055393641_n.jpg?ig_cache_key=MTE5MDE2NTU0NDMwMjA4OTIwMQ%3D%3D.2&se=7
2016-03-06 10:34:09,sent,bathroom wallpaper üìö,https://scontent-sjc2-1.cdninstagram.com/t51.2885-15/e35/12751173_148440532212426_167992299_n.jpg?ig_cache_key=MTIwMDE1MTY2NTA4NTg0NjUyNw%3D%3D.2&se=7
2016-03-13 15:18:30,sent,"nightlights, insomnia",https://scontent-sjc2-1.cdninstagram.com/t51.2885-15/e35/10611200_846257388836642_1682080401_n.jpg?ig_cache_key=MTIwNTMzODAyMTk4MjQ0MTk4Mg%3D%3D.2&se=7
2016-03-20 12:17:23,sent,couldn't lean back far enough to get the whole shot so here's this zoomed in rotated thing,https://scontent-sjc2-1.cdninstagram.com/t51.2885-15/e35/10817604_889563961162699_1128367499_n.jpg?ig_cache_key=MTIxMDMyMDI4NTk1OTAwMDU5Mg%3D%3D.2&se=7
2016-03-30 08:47:29,sent,got that bird again,https://scontent-sjc2-1.cdninstagram.com/t51.2885-15/e35/11378934_233792780305480_2019449039_n.jpg?ig_cache_key=MTIxNzQ2MjM5ODQ1ODg1OTUzOQ%3D%3D.2&se=7
2016-04-10 09:52:13,sent,missing warm things,https://scontent-sjc2-1.cdninstagram.com/t51.2885-15/e35/12501836_230510837307148_1700467279_n.jpg?ig_cache_key=MTIyNTQ2NzUxMjI4NTEwNjg1MA%3D%3D.2&se=7
2016-04-24 11:54:19,sent,üî•,https://scontent-sjc2-1.cdninstagram.com/t51.2885-15/e35/12724690_988556334565996_343646239_n.jpg?ig_cache_key=MTIzNTY3NTgyNzQxMzc4MzIxMQ%3D%3D.2&se=7
2016-05-06 21:47:11,sent,200 e randolph,https://scontent-sjc2-1.cdninstagram.com/t51.2885-15/e35/13118312_962184043903186_922236380_n.jpg?ig_cache_key=MTI0NDY3MTU0MTQ1NjIxMjYwOQ%3D%3D.2&se=7
2016-05-21 07:20:39,sent,"""Snowy ridges of Mount Heaven can be glimpsed, however / (shimmering waves, white polarized light)""",https://scontent-sjc2-1.cdninstagram.com/t51.2885-15/e35/13248797_242977076093570_468615932_n.jpg?ig_cache_key=MTI1NTEwNzAzNTY4Mzk1MDg4Mw%3D%3D.2&se=7
2016-05-29 19:32:11,sent,the end of spring,https://scontent-sjc2-1.cdninstagram.com/t51.2885-15/e35/13257082_1085942528165524_589245880_n.jpg?ig_cache_key=MTI2MTI3MzQzMjc3MjM4MzI2Mw%3D%3D.2&se=7
2016-06-23 20:40:12,sent,squall,https://scontent-sjc2-1.cdninstagram.com/t51.2885-15/e35/13398763_602354456598827_201537143_n.jpg?ig_cache_key=MTI3OTQyNzA1OTM3NDA0ODI2MQ%3D%3D.2&se=7
2016-07-05 06:03:42,sent,"jimmy choo, ermenegildo zegna, tory burch, salvatore ferragamo üí∏",https://scontent-sjc2-1.cdninstagram.com/t51.2885-15/e35/13556865_132819603812785_1499744012_n.jpg?ig_cache_key=MTI4NzY4MzIxNTE1NDQ0OTE4Mw%3D%3D.2&se=7
2016-07-12 06:41:16,sent,"""There are no photographs that show Nelson Mandela weeping on the day he was released from prison. It is said that the blinding light from the lime had taken away his ability to cry.""
Alfredo Jaar, ""Lament of the Images""",https://scontent-sjc2-1.cdninstagram.com/t51.2885-15/e35/13658416_655904964556529_1327982634_n.jpg?ig_cache_key=MTI5Mjc3NTU0NjY2ODkwODA4Mw%3D%3D.2&se=7
2016-07-19 08:44:49,sent,three mists,https://scontent-sjc2-1.cdninstagram.com/t51.2885-15/e35/13731229_1623922644602859_2039975352_n.jpg?ig_cache_key=MTI5NzkxMTE2NjAyNjE4MzI1NA%3D%3D.2&se=7
2016-08-10 07:50:29,sent,"bathroom, pt. 3",https://scontent-sjc2-1.cdninstagram.com/t51.2885-15/e35/13714028_515766821955748_1913542600_n.jpg?ig_cache_key=MTMxMzgyODg4NjQ3NTIzOTA3OQ%3D%3D.2&se=7
2016-08-22 10:14:08,sent,chinese pearlbloom,https://scontent-sjc2-1.cdninstagram.com/t51.2885-15/e35/14033414_291985144512153_1338679689_n.jpg?ig_cache_key=MTMyMjU5ODQ5MzQzMjQyNDA1MQ%3D%3D.2&se=7
2016-09-02 17:11:14,sent,summer colors,https://scontent-sjc2-1.cdninstagram.com/t51.2885-15/e35/14073126_306101179749100_709134024_n.jpg?ig_cache_key=MTMzMDc4MDk1ODQ3MDk1MDgzMA%3D%3D.2&se=7
2016-09-11 11:25:42,sent,"""You take delight not in a city's seven or seventy wonders, but in the answer it gives to a question of yours.""
- build me a nest so i can rest. Hema Upadhyay (1972-2015)",https://scontent-sjc2-1.cdninstagram.com/t51.2885-15/e35/14310727_671304613026020_1828142252_n.jpg?ig_cache_key=MTMzNzEzMDAyNjgxODMyNTc4OA%3D%3D.2&se=7
2016-10-03 14:01:48,sent,"""take a pink beach break // fly nonstop from boston to bermuda in only two hours""",https://scontent-sjc2-1.cdninstagram.com/t51.2885-15/e35/14547622_516505721878072_2274179758688305152_n.jpg?ig_cache_key=MTM1MzE1MzY2NTQ5MDA1OTMzNA%3D%3D.2&se=7
2016-10-18 20:46:50,sent,tension.,https://scontent-sjc2-1.cdninstagram.com/t51.2885-15/e35/14591054_1813140235639598_312916984880693248_n.jpg?ig_cache_key=MTM2NDIyOTE1ODk1MTg0NTM5Mg%3D%3D.2&se=7
2016-11-11 09:25:13,sent,11 nov 2015 | jean-yves thibaudet,https://scontent-sjc2-1.cdninstagram.com/t51.2885-15/e35/15035040_1699109580417556_8854527723012358144_n.jpg?ig_cache_key=MTM4MTMxMDkwNDY1MDQxMTI1MQ%3D%3D.2&se=7
2016-11-30 06:33:10,sent,"one hundred poems explained by the nurse, hokusai (detail)",https://scontent-sjc2-1.cdninstagram.com/t51.2885-15/e35/15258682_1822010118084250_2904074783236816896_n.jpg?ig_cache_key=MTM5NDk5NTA1MTU0MTQyOTU0Ng%3D%3D.2
2016-12-08 14:00:33,sent,c√©dez tr√®s l√©g√©rement.,https://scontent-sjc2-1.cdninstagram.com/t51.2885-15/e35/15306801_283551988709229_8521476562808209408_n.jpg?ig_cache_key=MTQwMTAxODQzNDI3MjAxODcyMg%3D%3D.2&se=7
2017-01-11 08:38:29,sent,winter.,https://scontent-sjc2-1.cdninstagram.com/t51.2885-15/e35/14574047_152665981890160_8522408467632226304_n.jpg?ig_cache_key=MTQyNTQ5ODcwNzc4OTExNTcxOQ%3D%3D.2&se=7
2017-01-26 08:21:54,sent,,https://scontent-sjc2-1.cdninstagram.com/t51.2885-15/e35/16229200_1236914473069047_7282531102395203584_n.jpg?ig_cache_key=MTQzNjM2MTk5NDExNDMzOTExMA%3D%3D.2&se=7
2017-02-06 04:16:37,sent,new year,https://scontent-sjc2-1.cdninstagram.com/t51.2885-15/e35/16585438_375463479490971_5381814658652962816_n.jpg?ig_cache_key=MTQ0NDIxMTA3MjM3NDgyNzEyOA%3D%3D.2&se=7
2017-02-15 04:46:08,sent,the red,https://scontent-sjc2-1.cdninstagram.com/t51.2885-15/e35/16583314_1218744894905285_4416137274132004864_n.jpg?ig_cache_key=MTQ1MDc0ODkxMTQyOTc5MzExNg%3D%3D.2&se=7
2017-02-22 06:03:37,sent,"sunshine city, block d",https://scontent-sjc2-1.cdninstagram.com/t51.2885-15/e35/16789531_172111949957882_1951235390971052032_n.jpg?ig_cache_key=MTQ1NTg2MTM0MTY4Nzc5MDM0MA%3D%3D.2&se=7
2017-03-01 05:20:08,sent,lumen,https://scontent-sjc2-1.cdninstagram.com/t51.2885-15/e35/17076391_1658312051130852_7216793724532031488_n.jpg?ig_cache_key=MTQ2MDkxMjg4NTI2NTMxNzQzMw%3D%3D.2&se=7
2017-03-08 06:38:20,sent,the tung chung line,https://scontent-sjc2-1.cdninstagram.com/t51.2885-15/e35/17126959_366286657087295_4161758928264232960_n.jpg?ig_cache_key=MTQ2NjAyNTY2ODU5MTkwMjE4MQ%3D%3D.2&se=7
2017-03-11 02:17:15,sent,changes of pace,https://scontent-sjc2-1.cdninstagram.com/t51.2885-15/e35/17267656_1083010238511652_439963281432510464_n.jpg?ig_cache_key=MTQ2ODA2ODU5MjgzODE0MjE3OQ%3D%3D.2&se=7
2017-03-26 18:32:42,sent,breath,https://scontent-sjc2-1.cdninstagram.com/t51.2885-15/e35/17493938_398198987216404_5858214320910893056_n.jpg?ig_cache_key=MTQ3OTQwMDk5MTg5OTQ5MTk0OA%3D%3D.2&se=7
2017-04-01 22:51:00,sent,"""Far better to have a handsome memorial of extravagance to stare us in the face, than a memory of folly, in a half finished, or even badly finished work.""",https://scontent-sjc2-1.cdninstagram.com/t51.2885-15/e35/17586570_394139880948328_4694071595767955456_n.jpg?ig_cache_key=MTQ4Mzg3OTY0NjEyMTc4MjM3OQ%3D%3D.2&se=7
2017-04-12 20:41:30,sent,night,https://scontent-sjc2-1.cdninstagram.com/t51.2885-15/e35/17881613_1133326290106074_8670195534918582272_n.jpg?ig_cache_key=MTQ5MTc4NzAwMjQ2NTg2NDc3NQ%3D%3D.2&se=7
2017-04-21 08:23:49,sent,impermanent,https://scontent-sjc2-1.cdninstagram.com/t51.2885-15/e35/18011372_118423732042123_8084076844275466240_n.jpg?ig_cache_key=MTQ5NzkzODY5ODgxMjUwOTEwNA%3D%3D.2&se=7
2017-05-09 09:04:44,sent,le r√™ve,https://scontent-sjc2-1.cdninstagram.com/t51.2885-15/e35/18382108_852086228272677_4790048854814752768_n.jpg?ig_cache_key=MTUxMTAwNTI1MjE1NjMxNDA0Mg%3D%3D.2&se=7
2017-05-23 09:42:33,sent,uncertain,https://scontent-sjc2-1.cdninstagram.com/t51.2885-15/e35/18580497_512783409072993_6968104999150682112_n.jpg?ig_cache_key=MTUyMTE3MTE0NDg3NzkwMTczNw%3D%3D.2&se=7
2017-06-30 20:16:47,sent,astray,https://scontent-sjc2-1.cdninstagram.com/t51.2885-15/e35/19534825_253403015153814_2526047051926470656_n.jpg?ig_cache_key=MTU0OTAzMTg0NDg3NDc0Njc5MA%3D%3D.2&se=7
2017-07-17 15:37:23,sent,quiet afternoon crush // violent overnight rush,https://scontent-sjc2-1.cdninstagram.com/t51.2885-15/e35/19986056_1822733587751922_9007891766677864448_n.jpg?ig_cache_key=MTU2MTIxMjM5NzExNTc4NDA3MQ%3D%3D.2&se=7
2017-08-24 19:12:38,sent,"""overhead is a distant, radiant star, and the more i stretch to reach it, the further it recedes. but by the power of my spirit and my single-hearted pursuit of the path, i have clawed my way through the labyrinthine confusion of the world of people in an unstinting effort to approach even one step closer to the realm of the soul.""
yayoi kusama | filled with the brilliance of life (2011)",https://scontent-sjc2-1.cdninstagram.com/t51.2885-15/e35/21041632_303926076755226_2658368410131365888_n.jpg?ig_cache_key=MTU4ODg2MjIyNDMxODA5NDEwMQ%3D%3D.2&se=7
